Metric,Training,Validation
Accuracy,0.8314606741573034,0.8435754189944135
Precision,0.7908745247148289,0.8059701492537313
Recall,0.7619047619047619,0.782608695652174
F1-Score,0.7761194029850746,0.7941176470588235
ROC-AUC,0.8849908633507723,0.8700922266139659
